{"m1": 1.0707388002974088, "m2": 0.7356908613122524, "L1": 1.2686333130694498, "L2": 1.8470395410516673, "y0": [1.5718606383172808, 0, 1.574325453897686, 0]}