{"m1": 1.9757797892884423, "m2": 0.7932541895508525, "L1": 1.3526181327192113, "L2": 0.5331428418911062, "y0": [1.577024828567656, 0, 1.5730836629254212, 0]}