{"m1": 1.7084765981995667, "m2": 0.9732748917399556, "L1": 0.9874768178495706, "L2": 1.337265239749303, "y0": [1.574916108385368, 0, 1.5832953995713086, 0]}