{"m1": 1.3426205153289574, "m2": 1.04665955622234, "L1": 1.9354668709685676, "L2": 1.218659121932373, "y0": [1.5756849168771918, 0, 1.5527105391611185, 0]}