{"m1": 1.3287910519994115, "m2": 1.533452902963113, "L1": 1.5850732982792115, "L2": 1.9552685335431672, "y0": [1.5590205274370517, 0, 1.566039945199307, 0]}