{"m1": 1.6503323887733767, "m2": 1.6342095422655145, "L1": 0.858492539245165, "L2": 0.8878877017355624, "y0": [1.5660728558172994, 0, 1.5757226891616718, 0]}