{"m1": 1.3404620311591318, "m2": 1.4447089342164037, "L1": 1.787004389187985, "L2": 1.7902711381340262, "y0": [1.556375206522741, 0, 1.5601251578996695, 0]}