{"m1": 0.9694182034719068, "m2": 1.176371987684022, "L1": 1.5815367602787966, "L2": 1.1344924183184169, "y0": [1.5931223903328147, 0, 1.5666355883430851, 0]}