{"m1": 0.8193872313167783, "m2": 1.9760913884276947, "L1": 1.2750025496354436, "L2": 0.7177436871195922, "y0": [1.558088589891543, 0, 1.577236600176605, 0]}