{"m1": 0.8770811660057949, "m2": 1.7264136895134772, "L1": 0.7835779444177433, "L2": 1.307028275414392, "y0": [1.57704569929765, 0, 1.563051688737707, 0]}