{"m1": 0.7188335400271655, "m2": 0.6902260270078899, "L1": 0.9047840510355492, "L2": 0.9421969297460988, "y0": [1.5476782786752008, 0, 1.5735699248302093, 0]}