{"m1": 0.5824323749828, "m2": 0.717404810895915, "L1": 1.9727745663151737, "L2": 0.6807679482172657, "y0": [1.5782359775427277, 0, 1.573439616133702, 0]}