{"m1": 1.2610477397793913, "m2": 1.09253786722046, "L1": 1.271983304896838, "L2": 1.646131500357936, "y0": [1.5679127736589216, 0, 1.5962033375133062, 0]}