{"m1": 0.5760696812566137, "m2": 1.9859793432324517, "L1": 1.530750193510895, "L2": 1.7761046100062694, "y0": [1.556703358379307, 0, 1.5605085917375758, 0]}