{"m1": 0.896427390464309, "m2": 1.2403131477971843, "L1": 0.7506921733897052, "L2": 0.7441700926771364, "y0": [1.5842102723232907, 0, 1.560996707210571, 0]}