{"m1": 1.1894897281065697, "m2": 1.1133655221809524, "L1": 0.5473103146693338, "L2": 1.944540622902143, "y0": [1.57696669886241, 0, 1.5634838971206335, 0]}