{"m1": 1.190592514709177, "m2": 1.22097857681264, "L1": 0.5854191703525933, "L2": 0.667574662087117, "y0": [1.5709065041982437, 0, 1.5635103656006515, 0]}