{"m1": 1.3969816510647024, "m2": 1.2593639112782586, "L1": 1.5529996072068126, "L2": 1.6426339599396216, "y0": [1.579996456794428, 0, 1.5791467942600812, 0]}