{"m1": 0.6603410065169767, "m2": 1.448959637764949, "L1": 0.8124004171741541, "L2": 1.9048131964954151, "y0": [1.5736627753681982, 0, 1.5555410803843792, 0]}