{"m1": 1.9351671420932934, "m2": 0.7174684001342004, "L1": 1.2780634602605927, "L2": 1.754405208630319, "y0": [1.5607316717906414, 0, 1.5845266249382202, 0]}