{"m1": 1.8721403840828597, "m2": 1.4200630789539659, "L1": 1.9406121331319228, "L2": 1.731798178013124, "y0": [1.569666308219494, 0, 1.5679106678540315, 0]}