{"m1": 1.474961171988268, "m2": 1.279168182909963, "L1": 1.948859088562654, "L2": 1.379191386912482, "y0": [1.5909141100374995, 0, 1.5856372260420415, 0]}