{"m1": 1.3932531224163895, "m2": 1.9510613205547325, "L1": 1.6858475399211903, "L2": 1.0500173661321721, "y0": [1.5676451021636126, 0, 1.5700920478328042, 0]}