{"m1": 0.5815775484017834, "m2": 1.0860131034867972, "L1": 1.2709605470608352, "L2": 1.4801341501319927, "y0": [1.5844532332990287, 0, 1.5765743445333447, 0]}