{"m1": 0.5651676413052249, "m2": 1.1836721277386877, "L1": 0.6605015600452743, "L2": 0.6424354928256718, "y0": [1.5835706614851253, 0, 1.588907719787828, 0]}