{"m1": 0.9510011080570114, "m2": 1.0696101905093074, "L1": 1.6761248697815367, "L2": 1.7282773426165483, "y0": [1.5514491705809959, 0, 1.5751539578124747, 0]}