{"m1": 1.782736931542264, "m2": 0.5580291330586055, "L1": 0.8377134068289704, "L2": 1.4022225551730576, "y0": [1.5705853359950042, 0, 1.5791279331240382, 0]}