{"m1": 0.7075484809840095, "m2": 0.8202771707091518, "L1": 0.5467922293174304, "L2": 0.9228959432823134, "y0": [1.5625032378037491, 0, 1.559024652778212, 0]}