{"m1": 1.772419633863476, "m2": 0.8864623863220653, "L1": 0.8844403740039131, "L2": 1.7508188818261337, "y0": [1.5751354533236923, 0, 1.5773144603774862, 0]}