{"m1": 1.8202584860110667, "m2": 1.5223151536766264, "L1": 1.7619883787250101, "L2": 1.217786073008179, "y0": [1.5667005829090945, 0, 1.5735157650890073, 0]}