{"m1": 1.5094934775553943, "m2": 0.5884834127370742, "L1": 1.3875627061614153, "L2": 1.8588127245117314, "y0": [1.548581433031267, 0, 1.575066818878891, 0]}