{"m1": 1.8797536119990195, "m2": 1.965134474912627, "L1": 1.6584130219616453, "L2": 0.9708781953123395, "y0": [1.5722651619744388, 0, 1.565032676417919, 0]}