{"m1": 1.4334765589615013, "m2": 1.1139063111778236, "L1": 0.5618589852248905, "L2": 1.1653043328546895, "y0": [1.5637385452549142, 0, 1.555646151329711, 0]}