{"m1": 1.082826042986802, "m2": 1.0101637834802908, "L1": 0.6260394464857668, "L2": 0.8274205033445587, "y0": [1.5745447839445184, 0, 1.5528102124323049, 0]}