{"m1": 1.4676835300278235, "m2": 1.0863396081010968, "L1": 1.8744263390967446, "L2": 1.9518002390487403, "y0": [1.5611443682235486, 0, 1.56953114449987, 0]}