{"m1": 0.6060958595728181, "m2": 1.6519105991618512, "L1": 1.7578457043833082, "L2": 1.8956593331076126, "y0": [1.567155688383621, 0, 1.569250567678317, 0]}