{"m1": 1.4216715681294945, "m2": 1.0757385589421242, "L1": 1.9688463876776194, "L2": 1.2861871571437251, "y0": [1.5649719662679753, 0, 1.5571469942500555, 0]}