{"m1": 0.7480292222551006, "m2": 1.8888169042492147, "L1": 0.7449995355371551, "L2": 1.5640727307803195, "y0": [1.5887378099865073, 0, 1.5706579241053964, 0]}