{"m1": 0.5892909136564976, "m2": 1.8949702582620505, "L1": 1.5970878848484076, "L2": 1.250518710723285, "y0": [1.5610370321224294, 0, 1.5670102269225679, 0]}