{"m1": 0.6867203037619625, "m2": 1.0527159757302735, "L1": 0.9030558413715304, "L2": 1.505568546361753, "y0": [1.5689489061258968, 0, 1.562173745776204, 0]}