{"m1": 1.0755544734649827, "m2": 1.9540383606104759, "L1": 1.4134076955322294, "L2": 1.0532027221939593, "y0": [1.5748698369059524, 0, 1.5536113148963493, 0]}