{"m1": 1.033449899472896, "m2": 0.5605259749609866, "L1": 1.332915091144552, "L2": 1.7025185205706719, "y0": [1.5778695660568514, 0, 1.5790411545895466, 0]}