{"m1": 1.7999291525863788, "m2": 1.4451022211133708, "L1": 1.2392305062497218, "L2": 1.1433435433993742, "y0": [1.565946581348889, 0, 1.59405332168852, 0]}