{"m1": 1.807828315634283, "m2": 1.7595149229703828, "L1": 1.9694135970500928, "L2": 0.9380698980623632, "y0": [1.5850142383276915, 0, 1.571683886514708, 0]}