{"m1": 1.8661650356650303, "m2": 1.1528283716811918, "L1": 1.5046831244734975, "L2": 0.9588361674089783, "y0": [1.5722493439638816, 0, 1.5598484913149266, 0]}