{"m1": 0.7714173542966323, "m2": 1.1995401842773257, "L1": 1.528948021794721, "L2": 0.8138282970128345, "y0": [1.5748178934839598, 0, 1.566814753886405, 0]}