{"m1": 1.350470150177069, "m2": 0.8363540378732174, "L1": 1.8612296354703133, "L2": 0.5336412338779027, "y0": [1.56633719637224, 0, 1.5695550165025403, 0]}