{"m1": 1.0712706840585902, "m2": 1.2552935315546505, "L1": 1.3445307735907641, "L2": 0.9921891956116748, "y0": [1.568788390148486, 0, 1.5605235907761443, 0]}