{"m1": 1.2730894368541303, "m2": 1.6087732525756135, "L1": 1.6257841801402946, "L2": 0.9416544802328715, "y0": [1.5772979968498726, 0, 1.5584589955928947, 0]}