{"m1": 0.9584287863898096, "m2": 1.6659553901840307, "L1": 1.4479019952840457, "L2": 1.0977187855646262, "y0": [1.5551666496955705, 0, 1.5719362971699424, 0]}