{"m1": 1.7127729495359723, "m2": 1.1526000145508526, "L1": 0.6773728806221702, "L2": 1.3622963508425125, "y0": [1.565467255634457, 0, 1.5702523093590455, 0]}