{"m1": 1.0043237455123304, "m2": 0.9249893185076921, "L1": 1.8094682437426781, "L2": 1.550360643063075, "y0": [1.573015200285119, 0, 1.571893496920145, 0]}