{"m1": 0.7717090676228211, "m2": 1.3958315169235977, "L1": 1.847621875291971, "L2": 0.759579565720865, "y0": [1.5697690127974315, 0, 1.5615495820161567, 0]}