{"m1": 1.8234249236160227, "m2": 0.8771611594108785, "L1": 1.5554286634565375, "L2": 1.9222815672659708, "y0": [1.5913604011141271, 0, 1.6005043291923269, 0]}