{"m1": 0.9915394120218124, "m2": 1.7513729624865666, "L1": 1.662411354265692, "L2": 1.3598691009471229, "y0": [1.5745904255535508, 0, 1.5682012858355308, 0]}