{"m1": 1.6705175668597416, "m2": 1.4174411903307962, "L1": 0.5853005125742741, "L2": 1.0173933930491024, "y0": [1.552500831628645, 0, 1.5611792139950929, 0]}