{"m1": 0.6290023955228914, "m2": 1.6975739662640976, "L1": 1.5535508187040183, "L2": 1.672735978831685, "y0": [1.572504094925455, 0, 1.552552808701256, 0]}