{"m1": 0.9239701520838319, "m2": 1.0780026886123806, "L1": 1.2749320084274123, "L2": 1.4200331269909565, "y0": [1.5460618968696211, 0, 1.5729874029748139, 0]}