{"m1": 1.0769497759468625, "m2": 1.116651087319164, "L1": 1.6614717215495778, "L2": 1.3345560052044019, "y0": [1.5554930026579015, 0, 1.5589003373227275, 0]}