{"m1": 1.8673066382485586, "m2": 1.2442518232301922, "L1": 1.5379969110136917, "L2": 0.6225625475286969, "y0": [1.5715771996565178, 0, 1.5606212595189817, 0]}