{"m1": 1.7402848154491797, "m2": 0.6952223559742148, "L1": 1.1914806879887143, "L2": 1.7014575877057336, "y0": [1.5628278744246276, 0, 1.5668902795980046, 0]}