{"m1": 1.3624779742150914, "m2": 1.2915125114683745, "L1": 1.3549963052000706, "L2": 1.8637697213221025, "y0": [1.5502004955330955, 0, 1.5878185499190798, 0]}