{"m1": 1.913771134663042, "m2": 1.0123200572549758, "L1": 0.8441643759056068, "L2": 0.8261406586890926, "y0": [1.55645444720631, 0, 1.5633414134398722, 0]}