{"m1": 0.7321590129112824, "m2": 1.0550083960222936, "L1": 1.9973920786064436, "L2": 1.3859099807543533, "y0": [1.58994539163529, 0, 1.5655726728925228, 0]}