{"m1": 1.7578981514597969, "m2": 1.500577603888424, "L1": 0.8949881929637749, "L2": 1.210415619923671, "y0": [1.5609962680727343, 0, 1.5658783606359086, 0]}