{"m1": 1.3072899808820129, "m2": 1.027382020514052, "L1": 1.7618479039337263, "L2": 1.2128541689094905, "y0": [1.5605215689682137, 0, 1.5639793134101028, 0]}