{"m1": 1.7796530528574708, "m2": 0.9263085673377219, "L1": 1.1446451516766123, "L2": 0.7965427223117618, "y0": [1.5779620601500304, 0, 1.5793114532012145, 0]}