{"m1": 1.6983184895261811, "m2": 1.8118647675138824, "L1": 1.2495770277212923, "L2": 1.2671519878805535, "y0": [1.5838246142747043, 0, 1.5775102035004969, 0]}