{"m1": 0.9120283506961206, "m2": 0.6795634038415064, "L1": 1.588677070810192, "L2": 1.982014031020712, "y0": [1.572203866032048, 0, 1.568923863903488, 0]}