{"m1": 1.5163189262135708, "m2": 0.8734853831627326, "L1": 1.5616853782357034, "L2": 1.5337000107086458, "y0": [1.5594724273787959, 0, 1.5666939089107639, 0]}