{"m1": 1.67302673814937, "m2": 1.4731667916351447, "L1": 0.6465745311237114, "L2": 1.570425033545556, "y0": [1.5806975264102257, 0, 1.5727715491405068, 0]}