{"m1": 1.9095342955902153, "m2": 1.1969900433460101, "L1": 1.4133615705517781, "L2": 0.5147601791822868, "y0": [1.5690606985841107, 0, 1.575627207698496, 0]}