{"m1": 1.9774205195363086, "m2": 1.772128313688092, "L1": 0.812075483908111, "L2": 1.9614179158012668, "y0": [1.5702810005701329, 0, 1.5832486053038177, 0]}