{"m1": 0.7368722929296676, "m2": 1.1581980187591923, "L1": 1.0595874699038172, "L2": 1.0538538305503464, "y0": [1.5833934203340359, 0, 1.5696913727839543, 0]}