{"m1": 1.272349090478123, "m2": 1.246975901137525, "L1": 1.9343685573503058, "L2": 1.1072930457202594, "y0": [1.5739793122656662, 0, 1.5678422929121054, 0]}