{"m1": 1.179763519619149, "m2": 1.7256131413632632, "L1": 1.4902951689494084, "L2": 0.8623856243877075, "y0": [1.5519894658255529, 0, 1.5675547270461587, 0]}