{"m1": 1.6733882331295091, "m2": 0.7440669585112576, "L1": 1.986522270815676, "L2": 0.6426484650937345, "y0": [1.5767767738811915, 0, 1.5827463674842808, 0]}