{"m1": 1.711255496630867, "m2": 1.8751593140727985, "L1": 0.9242382381589282, "L2": 0.9372321063252387, "y0": [1.5818021603839802, 0, 1.5560644002526696, 0]}