{"m1": 1.0905808620464175, "m2": 1.4274927255738936, "L1": 0.5186186280446171, "L2": 1.9992735287109027, "y0": [1.5721051874142644, 0, 1.565105202092668, 0]}