{"m1": 1.8901805071893962, "m2": 1.7485481616024554, "L1": 1.8060299670671218, "L2": 0.6359735949607556, "y0": [1.5698967553043817, 0, 1.5583434354986745, 0]}