{"m1": 1.763655377786964, "m2": 1.4660783030278017, "L1": 1.5847417403193853, "L2": 0.8125173986117957, "y0": [1.5650443088445039, 0, 1.5524626510587332, 0]}