{"m1": 1.7204426772540171, "m2": 1.02412422872308, "L1": 1.5408960197755501, "L2": 1.986961052331898, "y0": [1.5892813538852126, 0, 1.5699703331929957, 0]}