{"m1": 1.3465536827521993, "m2": 1.986561254497319, "L1": 1.1074701727794793, "L2": 1.3173544322222146, "y0": [1.556525712061028, 0, 1.569819976432254, 0]}