{"m1": 1.2037244428558316, "m2": 1.9694701472514757, "L1": 0.8001738984081861, "L2": 1.5352782133182339, "y0": [1.5858180919283964, 0, 1.562873429215971, 0]}