{"m1": 1.9459918739525635, "m2": 1.3574689193895586, "L1": 1.5911625442796897, "L2": 1.9264478442739357, "y0": [1.5670410014315608, 0, 1.574427144593968, 0]}