{"m1": 0.513189849755084, "m2": 1.659099507604691, "L1": 1.7599318736864427, "L2": 1.1505132946765415, "y0": [1.5688499697100684, 0, 1.5621119913961163, 0]}