{"m1": 0.604553352392484, "m2": 0.7979720844391379, "L1": 0.8913438058114014, "L2": 1.8395780234655676, "y0": [1.5808059149885025, 0, 1.5832059866008918, 0]}