{"m1": 1.5328862857247958, "m2": 1.8145118387209134, "L1": 1.7730062450794726, "L2": 1.644885069377089, "y0": [1.5789826549986472, 0, 1.560157798282187, 0]}