{"m1": 0.7784681249942714, "m2": 1.0626415860467993, "L1": 1.9029070395540129, "L2": 1.2826165918229715, "y0": [1.5678316553286145, 0, 1.5676642999146166, 0]}