{"m1": 1.8067432943485686, "m2": 0.538722682219603, "L1": 1.0203676945793387, "L2": 1.6646279573180967, "y0": [1.5971126937885942, 0, 1.580840961288115, 0]}