{"m1": 1.3001837048814968, "m2": 1.5932953665582068, "L1": 0.88653906368824, "L2": 1.3143487588383969, "y0": [1.5488677392939119, 0, 1.5668852104317363, 0]}