{"m1": 0.5275455365317205, "m2": 0.7745860619107345, "L1": 1.3099811107728832, "L2": 1.3151836944335054, "y0": [1.5737061647634447, 0, 1.5730001384544896, 0]}