{"m1": 1.1049987602331959, "m2": 1.641995317055276, "L1": 0.8982181950525677, "L2": 1.0353055890854397, "y0": [1.573098132823408, 0, 1.582556345304757, 0]}