{"m1": 1.4851892615789795, "m2": 1.4724693336677277, "L1": 0.8749001747390435, "L2": 1.5527634231633667, "y0": [1.5789436876481249, 0, 1.5622964718583818, 0]}