{"m1": 1.939129349114433, "m2": 1.0601063816850398, "L1": 0.8452500743017434, "L2": 1.0943712833460948, "y0": [1.5748661749706847, 0, 1.5754627018296745, 0]}