{"m1": 0.5112289202917238, "m2": 0.9311548362558806, "L1": 1.5563176559440415, "L2": 0.6886162367033801, "y0": [1.561482283264287, 0, 1.5713596764794442, 0]}