{"m1": 1.318069803488394, "m2": 1.3401664180872908, "L1": 1.6984639487053528, "L2": 1.7689480600908443, "y0": [1.5618191404322133, 0, 1.573793495212062, 0]}