{"m1": 0.8247029652306596, "m2": 1.7646268827327982, "L1": 1.4388083388063002, "L2": 1.80436510580717, "y0": [1.5888730489730423, 0, 1.5683764483438603, 0]}