{"m1": 0.9325660456019981, "m2": 1.533773639161691, "L1": 1.4910851856966563, "L2": 1.5150457052044617, "y0": [1.5689931618963564, 0, 1.5750354779621993, 0]}