{"m1": 1.9633813101738875, "m2": 1.4932298186180089, "L1": 1.5371175758686177, "L2": 1.9171680309554984, "y0": [1.5611970175539023, 0, 1.5683709790033697, 0]}